gate_id,description,observed,threshold,rule,status
G1,Relevant-clause-only functionality,80.0%,≥ 40%,numeric,passed
G1b,Full-document functionality,70.0%,≥ 40%,numeric,passed
G2,Relevant-clause assigned-policy compliance among functional outputs,87.5%,≥ 50%,numeric,passed
G3,Full-document compliance drop relative to relevant-clause-only,1.8 points,≤ 20 points,numeric,passed
G4,Full-document compliance gain over the balanced surface baseline,48.2 points,≥ 20 points,numeric,passed
G5,Jointly functional exact A-only → B-only full-document switching,40.0%,≥ 20%,numeric,passed
G6,Functional outputs passing both policy suites,0 violations,0 violations,numeric,passed
G7,One applicable clause per document and genuinely irrelevant distractors,Audit passed,Manual audit passes,manual,passed
G8,Original benchmark outputs that are secure and functional,100.0%,≥ 20%,numeric,passed
